{"cameraMode":{"drawMode":0,"name":"Shaded","section":"Shading Mode"},"sceneLighting":true,"audioPlay":false,"sceneViewState":{"showFog":true,"showMaterialUpdate":true,"showSkybox":true,"showFlares":true,"showImageEffects":true,"showParticleSystems":true},"in2DMode":false,"pivot":{"x":33.910247802734378,"y":11.617267608642579,"z":15.760820388793946},"rotation":{"x":-0.41692185401916506,"y":-0.4783850610256195,"z":0.2763300836086273,"w":-0.7217795252799988},"size":55.944156646728519,"orthographic":false}