{"cameraMode":{"drawMode":0,"name":"Shaded","section":"Shading Mode"},"sceneLighting":false,"audioPlay":false,"sceneViewState":{"showFog":true,"showMaterialUpdate":true,"showSkybox":false,"showFlares":true,"showImageEffects":true,"showParticleSystems":true},"in2DMode":false,"pivot":{"x":3.814298629760742,"y":-8.695281028747559,"z":10.109323501586914},"rotation":{"x":0.023178037256002427,"y":-0.8562018275260925,"z":0.03855806216597557,"w":0.5146790146827698},"size":22.0,"orthographic":false}