{"cameraMode":{"drawMode":0,"name":"Shaded","section":"Shading Mode"},"sceneLighting":false,"audioPlay":false,"sceneViewState":{"showFog":true,"showMaterialUpdate":false,"showSkybox":true,"showFlares":true,"showImageEffects":true,"showParticleSystems":true},"in2DMode":false,"pivot":{"x":-1.958937644958496,"y":0.5138336420059204,"z":-4.273108959197998},"rotation":{"x":-0.035271983593702319,"y":0.9644543528556824,"z":-0.19650888442993165,"w":-0.1731128990650177},"size":10.014850616455079,"orthographic":false}