{"cameraMode":{"drawMode":0,"name":"Shaded","section":"Shading Mode"},"sceneLighting":false,"audioPlay":false,"sceneViewState":{"showFog":true,"showMaterialUpdate":false,"showSkybox":true,"showFlares":true,"showImageEffects":true,"showParticleSystems":true},"in2DMode":false,"pivot":{"x":1.2304726839065552,"y":-0.28856539726257326,"z":9.533890724182129},"rotation":{"x":-0.0031120318453758957,"y":0.9958484768867493,"z":-0.03736184537410736,"w":-0.08294772356748581},"size":1.609205722808838,"orthographic":false}