{"cameraMode":{"drawMode":0,"name":"Shaded","section":"Shading Mode"},"sceneLighting":false,"audioPlay":false,"sceneViewState":{"showFog":true,"showMaterialUpdate":false,"showSkybox":true,"showFlares":true,"showImageEffects":true,"showParticleSystems":true},"in2DMode":false,"pivot":{"x":0.06999969482421875,"y":-9.875,"z":53.470001220703128},"rotation":{"x":-0.03993261978030205,"y":0.9587976932525635,"z":-0.2224743515253067,"w":-0.1720975786447525},"size":81.78605651855469,"orthographic":false}