{"cameraMode":{"drawMode":0,"name":"Shaded","section":"Shading Mode"},"sceneLighting":false,"audioPlay":false,"sceneViewState":{"showFog":true,"showMaterialUpdate":false,"showSkybox":true,"showFlares":true,"showImageEffects":true,"showParticleSystems":true},"in2DMode":false,"pivot":{"x":-4.061400413513184,"y":-1.7262077331542969,"z":-16.009946823120118},"rotation":{"x":-0.0011702784104272724,"y":0.995599627494812,"z":-0.09285861998796463,"w":-0.012547211721539498},"size":25.919544219970704,"orthographic":false}